,n,positif_rate_true,accuracy,directional_accuracy,precision,recall,f1,f1_macro,confusion_matrix,auc
tech_only/logreg@val,177,0.519774011299435,0.5310734463276836,0.5310734463276836,0.5338345864661654,0.7717391304347826,0.6311111111111111,0.4938501291989664,"[[23, 62], [21, 71]]",0.5070332480818414
tech_only/logreg@test,178,0.5786516853932584,0.5224719101123596,0.5224719101123596,0.6022727272727273,0.5145631067961165,0.5549738219895288,0.5199111534190068,"[[40, 35], [50, 53]]",0.5475728155339805
tech_only/gradboost@val,177,0.519774011299435,0.4971751412429379,0.4971751412429379,0.5205479452054794,0.41304347826086957,0.46060606060606063,0.4948532948532949,"[[50, 35], [54, 38]]",0.5340153452685422
tech_only/gradboost@test,178,0.5786516853932584,0.48314606741573035,0.48314606741573035,0.6486486486486487,0.23300970873786409,0.34285714285714286,0.45846560846560847,"[[62, 13], [79, 24]]",0.5042071197411003
+lex_title/logreg@val,177,0.519774011299435,0.519774011299435,0.519774011299435,0.5244755244755245,0.8152173913043478,0.6382978723404256,0.46200607902735563,"[[17, 68], [17, 75]]",0.4451406649616369
+lex_title/logreg@test,178,0.5786516853932584,0.601123595505618,0.601123595505618,0.6194029850746269,0.8058252427184466,0.70042194092827,0.5518916427330426,"[[24, 51], [20, 83]]",0.5963754045307442
+lex_title/gradboost@val,177,0.519774011299435,0.5028248587570622,0.5028248587570622,0.5188679245283019,0.5978260869565217,0.5555555555555556,0.49572649572649574,"[[34, 51], [37, 55]]",0.4833759590792838
+lex_title/gradboost@test,178,0.5786516853932584,0.5898876404494382,0.5898876404494382,0.6442307692307693,0.6504854368932039,0.6473429951690821,0.5787050546315209,"[[38, 37], [36, 67]]",0.5722977346278318
+lex_full/logreg@val,177,0.519774011299435,0.4915254237288136,0.4915254237288136,0.5073529411764706,0.75,0.6052631578947368,0.44548872180451127,"[[18, 67], [23, 69]]",0.4144501278772379
+lex_full/logreg@test,178,0.5786516853932584,0.5842696629213483,0.5842696629213483,0.5900621118012422,0.9223300970873787,0.7196969696969697,0.4576745718050066,"[[9, 66], [8, 95]]",0.6097087378640776
+lex_full/gradboost@val,177,0.519774011299435,0.4915254237288136,0.4915254237288136,0.5102040816326531,0.5434782608695652,0.5263157894736842,0.4887676508344031,"[[37, 48], [42, 50]]",0.47442455242966747
+lex_full/gradboost@test,178,0.5786516853932584,0.5112359550561798,0.5112359550561798,0.5727272727272728,0.6116504854368932,0.5915492957746479,0.4915788436915197,"[[28, 47], [40, 63]]",0.5290614886731392
+lex_all/logreg@val,177,0.519774011299435,0.4463276836158192,0.4463276836158192,0.47692307692307695,0.6739130434782609,0.5585585585585585,0.40806715806715804,"[[17, 68], [30, 62]]",0.42787723785166243
+lex_all/logreg@test,178,0.5786516853932584,0.5786516853932584,0.5786516853932584,0.5921052631578947,0.8737864077669902,0.7058823529411765,0.481654047757717,"[[13, 62], [13, 90]]",0.6151456310679612
+lex_all/gradboost@val,177,0.519774011299435,0.4915254237288136,0.4915254237288136,0.5096153846153846,0.5760869565217391,0.5408163265306123,0.4855980366830277,"[[34, 51], [39, 53]]",0.5010230179028133
+lex_all/gradboost@test,178,0.5786516853932584,0.4606741573033708,0.4606741573033708,0.5353535353535354,0.5145631067961165,0.5247524752475248,0.4506879259354507,"[[29, 46], [50, 53]]",0.5218122977346279
+tfidf_only/logreg@val,177,0.519774011299435,0.480225988700565,0.480225988700565,0.5,0.6413043478260869,0.5619047619047619,0.46150793650793653,"[[26, 59], [33, 59]]",0.4451406649616368
+tfidf_only/logreg@test,178,0.5786516853932584,0.5730337078651685,0.5730337078651685,0.6015037593984962,0.7766990291262136,0.6779661016949152,0.522316384180791,"[[22, 53], [23, 80]]",0.542653721682848
+tfidf_only/gradboost@val,177,0.519774011299435,0.4293785310734463,0.4293785310734463,0.464,0.6304347826086957,0.5345622119815668,0.39866796730465204,"[[18, 67], [34, 58]]",0.4530690537084399
+tfidf_only/gradboost@test,178,0.5786516853932584,0.601123595505618,0.601123595505618,0.6126760563380281,0.8446601941747572,0.710204081632653,0.5352822209965067,"[[20, 55], [16, 87]]",0.5899029126213592
+all/logreg@val,177,0.519774011299435,0.4350282485875706,0.4350282485875706,0.4701492537313433,0.6847826086956522,0.5575221238938053,0.38813606194690264,"[[14, 71], [29, 63]]",0.421611253196931
+all/logreg@test,178,0.5786516853932584,0.5786516853932584,0.5786516853932584,0.5813953488372093,0.970873786407767,0.7272727272727273,0.4006734006734007,"[[3, 72], [3, 100]]",0.6119093851132686
+all/gradboost@val,177,0.519774011299435,0.4858757062146893,0.4858757062146893,0.504,0.6847826086956522,0.5806451612903226,0.4582057923239934,"[[23, 62], [29, 63]]",0.4511508951406649
+all/gradboost@test,178,0.5786516853932584,0.601123595505618,0.601123595505618,0.6038961038961039,0.9029126213592233,0.7237354085603113,0.503281845694297,"[[14, 61], [10, 93]]",0.5562459546925567
