model,split,n,RMSE,MAE,DA (%),F1 naik,F1 macro,skill (%)
Naive RW,val,180,55.58,40.44,,,,0.0
Naive RW,test,180,51.0,38.43,,,,0.0
Majority Class,val,180,55.55,40.4,52.8,0.691,0.346,0.05
Majority Class,test,180,50.9,38.28,59.1,0.743,0.371,0.2
Persistence,val,180,75.76,56.77,50.6,0.54,0.509,-36.3
Persistence,test,180,69.94,54.08,54.0,0.612,0.532,-37.13
"ARIMA(2, 0, 2)",val,180,55.57,41.47,52.2,0.585,0.511,0.02
"ARIMA(2, 0, 2)",test,180,51.15,38.43,52.8,0.618,0.501,-0.29
"ARIMAX(2, 0, 2) + NLP",val,180,55.55,41.57,50.6,0.546,0.502,0.06
"ARIMAX(2, 0, 2) + NLP",test,180,51.11,38.43,53.4,0.617,0.511,-0.22
XGB (harga),val,180,55.17,40.62,52.8,0.661,0.442,0.75
XGB (harga),test,180,50.42,38.13,57.4,0.713,0.444,1.13
XGB (NLP),val,180,55.58,40.54,52.8,0.691,0.346,0.01
XGB (NLP),test,180,50.99,38.28,58.5,0.711,0.487,0.02
XGB (harga + NLP),val,180,55.24,40.66,54.5,0.669,0.47,0.62
XGB (harga + NLP),test,180,51.42,38.79,47.2,0.551,0.455,-0.83
